Metric,Value
LOC,1374755.6666666667
NOM,46564.0
NOC,12029.833333333334
CyclomaticComplexity,149986.5
