Metric,Value
LOC,165190.5
NOM,3453.0833333333335
NOC,1639.1666666666667
CyclomaticComplexity,16656.166666666668
