Metric,Value
LOC,8701.333333333334
NOM,433.6666666666667
NOC,69.0
CyclomaticComplexity,724.6666666666666
